Map,Half,CT Score,TR Score,Players JSON,Date,Match ID
de_tuscan,First Half,6,9,"[{""name"": ""SS l RichNigga_ex"", ""kills"": 15, ""deaths"": 12, ""flag"": ""🇨🇦"", ""team"": ""CT""}, {""name"": ""OBBE_ex"", ""kills"": 12, ""deaths"": 12, ""flag"": ""🇩🇪"", ""team"": ""CT""}, {""name"": ""亡廾乇亡片爪丹卞乇"", ""kills"": 9, ""deaths"": 11, ""flag"": ""🇩🇪"", ""team"": ""CT""}, {""name"": ""WHY SO EZ"", ""kills"": 7, ""deaths"": 12, ""flag"": ""🇸🇦"", ""team"": ""CT""}, {""name"": ""cYr"", ""kills"": 5, ""deaths"": 11, ""flag"": ""🇺🇸"", ""team"": ""CT""}, {""name"": ""PAK"", ""kills"": 20, ""deaths"": 10, ""flag"": ""🇷🇺"", ""team"": ""TR""}, {""name"": ""keep calm"", ""kills"": 16, ""deaths"": 10, ""flag"": ""🇫🇮"", ""team"": ""TR""}, {""name"": ""bondadm007"", ""kills"": 8, ""deaths"": 11, ""flag"": ""🇺🇸"", ""team"": ""TR""}, {""name"": ""David_KZ"", ""kills"": 7, ""deaths"": 10, ""flag"": ""🇪🇸"", ""team"": ""TR""}, {""name"": ""АFК"", ""kills"": 6, ""deaths"": 8, ""flag"": ""🇩🇪"", ""team"": ""TR""}]",2025-10-18,102
de_tuscan,Second Half,7,6,"[{""name"": ""keep calm"", ""kills"": 17, ""deaths"": 5, ""flag"": ""🇫🇮"", ""team"": ""CT""}, {""name"": ""PAK"", ""kills"": 10, ""deaths"": 11, ""flag"": ""🇷🇺"", ""team"": ""CT""}, {""name"": ""bondadm007"", ""kills"": 10, ""deaths"": 8, ""flag"": ""🇺🇸"", ""team"": ""CT""}, {""name"": ""David_KZ"", ""kills"": 8, ""deaths"": 11, ""flag"": ""🇪🇸"", ""team"": ""CT""}, {""name"": ""АFК"", ""kills"": 4, ""deaths"": 11, ""flag"": ""🇩🇪"", ""team"": ""CT""}, {""name"": ""WHY SO EZ"", ""kills"": 12, ""deaths"": 10, ""flag"": ""🇸🇦"", ""team"": ""TR""}, {""name"": ""OBBE_ex"", ""kills"": 10, ""deaths"": 9, ""flag"": ""🇩🇪"", ""team"": ""TR""}, {""name"": ""亡廾乇亡片爪丹卞乇"", ""kills"": 9, ""deaths"": 11, ""flag"": ""🇩🇪"", ""team"": ""TR""}, {""name"": ""cYr"", ""kills"": 8, ""deaths"": 10, ""flag"": ""🇺🇸"", ""team"": ""TR""}, {""name"": ""SS l RichNigga_ex"", ""kills"": 7, ""deaths"": 9, ""flag"": ""🇨🇦"", ""team"": ""TR""}]",2025-10-18,102
de_tuscan,First Half,6,9,"[{""name"": ""poopies__"", ""kills"": 14, ""deaths"": 13, ""flag"": ""🇺🇸"", ""team"": ""CT""}, {""name"": ""FC"", ""kills"": 13, ""deaths"": 12, ""flag"": ""🇺🇸"", ""team"": ""CT""}, {""name"": ""_hell"", ""kills"": 9, ""deaths"": 11, ""flag"": ""🇺🇸"", ""team"": ""CT""}, {""name"": ""REDWOOD OG"", ""kills"": 9, ""deaths"": 12, ""flag"": ""🇺🇸"", ""team"": ""CT""}, {""name"": ""OBBE_ex"", ""kills"": 3, ""deaths"": 15, ""flag"": ""🇷🇴"", ""team"": ""CT""}, {""name"": ""么 P E X"", ""kills"": 19, ""deaths"": 9, ""flag"": ""🇨🇦"", ""team"": ""TR""}, {""name"": ""BaKa"", ""kills"": 15, ""deaths"": 9, ""flag"": ""🇨🇦"", ""team"": ""TR""}, {""name"": ""chaewon"", ""kills"": 12, ""deaths"": 13, ""flag"": ""🇵🇪"", ""team"": ""TR""}, {""name"": ""fool3d_"", ""kills"": 11, ""deaths"": 8, ""flag"": ""🇧🇷"", ""team"": ""TR""}, {""name"": ""n0cry"", ""kills"": 8, ""deaths"": 10, ""flag"": ""🇺🇸"", ""team"": ""TR""}]",2025-10-04,103
de_tuscan,Second Half,7,3,"[{""name"": ""BaKa"", ""kills"": 14, ""deaths"": 7, ""flag"": ""🇨🇦"", ""team"": ""CT""}, {""name"": ""chaewon"", ""kills"": 9, ""deaths"": 5, ""flag"": ""🇵🇪"", ""team"": ""CT""}, {""name"": ""么 P E X"", ""kills"": 9, ""deaths"": 6, ""flag"": ""🇨🇦"", ""team"": ""CT""}, {""name"": ""n0cry"", ""kills"": 4, ""deaths"": 6, ""flag"": ""🇺🇸"", ""team"": ""CT""}, {""name"": ""fool3d_"", ""kills"": 4, ""deaths"": 7, ""flag"": ""🇧🇷"", ""team"": ""CT""}, {""name"": ""poopies__"", ""kills"": 8, ""deaths"": 8, ""flag"": ""🇺🇸"", ""team"": ""TR""}, {""name"": ""_hell"", ""kills"": 6, ""deaths"": 9, ""flag"": ""🇺🇸"", ""team"": ""TR""}, {""name"": ""FC"", ""kills"": 6, ""deaths"": 8, ""flag"": ""🇺🇸"", ""team"": ""TR""}, {""name"": ""REDWOOD OG"", ""kills"": 6, ""deaths"": 8, ""flag"": ""🇺🇸"", ""team"": ""TR""}, {""name"": ""OBBE_ex"", ""kills"": 4, ""deaths"": 8, ""flag"": ""🇷🇴"", ""team"": ""TR""}]",2025-10-05,103
de_mirage,First Half,6,9,"[{""name"": ""REDWOOD OG"", ""kills"": 15, ""deaths"": 12, ""flag"": ""🇺🇸"", ""team"": ""CT""}, {""name"": ""FC"", ""kills"": 11, ""deaths"": 13, ""flag"": ""🇺🇸"", ""team"": ""CT""}, {""name"": ""_hell"", ""kills"": 10, ""deaths"": 10, ""flag"": ""🇺🇸"", ""team"": ""CT""}, {""name"": ""poopies__"", ""kills"": 5, ""deaths"": 14, ""flag"": ""🇺🇸"", ""team"": ""CT""}, {""name"": ""OBBE_ex"", ""kills"": 0, ""deaths"": 14, ""flag"": ""🇷🇴"", ""team"": ""CT""}, {""name"": ""chaewon"", ""kills"": 19, ""deaths"": 8, ""flag"": ""🇵🇪"", ""team"": ""TR""}, {""name"": ""BaKa"", ""kills"": 16, ""deaths"": 10, ""flag"": ""🇨🇦"", ""team"": ""TR""}, {""name"": ""fool3d_"", ""kills"": 13, ""deaths"": 6, ""flag"": ""🇧🇷"", ""team"": ""TR""}, {""name"": ""n0cry"", ""kills"": 9, ""deaths"": 10, ""flag"": ""🇺🇸"", ""team"": ""TR""}, {""name"": ""么 P E X"", ""kills"": 8, ""deaths"": 8, ""flag"": ""🇨🇦"", ""team"": ""TR""}]",2025-10-05,104
de_mirage,Second Half,7,2,"[{""name"": ""BaKa"", ""kills"": 12, ""deaths"": 4, ""flag"": ""🇨🇦"", ""team"": ""CT""}, {""name"": ""n0cry"", ""kills"": 10, ""deaths"": 5, ""flag"": ""🇺🇸"", ""team"": ""CT""}, {""name"": ""chaewon"", ""kills"": 10, ""deaths"": 5, ""flag"": ""🇵🇪"", ""team"": ""CT""}, {""name"": ""fool3d_"", ""kills"": 4, ""deaths"": 4, ""flag"": ""🇧🇷"", ""team"": ""CT""}, {""name"": ""么 P E X"", ""kills"": 2, ""deaths"": 8, ""flag"": ""🇨🇦"", ""team"": ""CT""}, {""name"": ""poopies__"", ""kills"": 7, ""deaths"": 7, ""flag"": ""🇺🇸"", ""team"": ""TR""}, {""name"": ""FC"", ""kills"": 7, ""deaths"": 7, ""flag"": ""🇺🇸"", ""team"": ""TR""}, {""name"": ""_hell"", ""kills"": 6, ""deaths"": 9, ""flag"": ""🇺🇸"", ""team"": ""TR""}, {""name"": ""OBBE_ex"", ""kills"": 5, ""deaths"": 7, ""flag"": ""🇷🇴"", ""team"": ""TR""}, {""name"": ""REDWOOD OG"", ""kills"": 4, ""deaths"": 8, ""flag"": ""🇺🇸"", ""team"": ""TR""}]",2025-10-05,104
de_cache_v2,First Half,4,11,"[{""name"": ""chaewon"", ""kills"": 13, ""deaths"": 13, ""flag"": ""🇵🇪"", ""team"": ""CT""}, {""name"": ""_hell"", ""kills"": 12, ""deaths"": 11, ""flag"": ""🇺🇸"", ""team"": ""CT""}, {""name"": ""fool3d_"", ""kills"": 7, ""deaths"": 13, ""flag"": ""🇧🇷"", ""team"": ""CT""}, {""name"": ""ms rachel"", ""kills"": 6, ""deaths"": 15, ""flag"": ""🇺🇸"", ""team"": ""CT""}, {""name"": ""poopies__"", ""kills"": 4, ""deaths"": 13, ""flag"": ""🇺🇸"", ""team"": ""CT""}, {""name"": ""BaKa"", ""kills"": 21, ""deaths"": 10, ""flag"": ""🇨🇦"", ""team"": ""TR""}, {""name"": ""n0cry"", ""kills"": 15, ""deaths"": 10, ""flag"": ""🇺🇸"", ""team"": ""TR""}, {""name"": ""FC"", ""kills"": 12, ""deaths"": 9, ""flag"": ""🇺🇸"", ""team"": ""TR""}, {""name"": ""么 P E X"", ""kills"": 10, ""deaths"": 7, ""flag"": ""🇨🇦"", ""team"": ""TR""}, {""name"": ""GO BIRDS DH"", ""kills"": 7, ""deaths"": 6, ""flag"": ""🇺🇸"", ""team"": ""TR""}]",2025-10-05,105
de_cache_v2,Second Half,5,2,"[{""name"": ""GO BIRDS DH"", ""kills"": 9, ""deaths"": 4, ""flag"": ""🇺🇸"", ""team"": ""CT""}, {""name"": ""么 P E X"", ""kills"": 6, ""deaths"": 5, ""flag"": ""🇨🇦"", ""team"": ""CT""}, {""name"": ""FC"", ""kills"": 5, ""deaths"": 5, ""flag"": ""🇺🇸"", ""team"": ""CT""}, {""name"": ""BaKa"", ""kills"": 4, ""deaths"": 4, ""flag"": ""🇨🇦"", ""team"": ""CT""}, {""name"": ""n0cry"", ""kills"": 3, ""deaths"": 3, ""flag"": ""🇺🇸"", ""team"": ""CT""}, {""name"": ""_hell"", ""kills"": 7, ""deaths"": 6, ""flag"": ""🇺🇸"", ""team"": ""TR""}, {""name"": ""ms rachel"", ""kills"": 5, ""deaths"": 6, ""flag"": ""🇺🇸"", ""team"": ""TR""}, {""name"": ""chaewon"", ""kills"": 4, ""deaths"": 5, ""flag"": ""🇵🇪"", ""team"": ""TR""}, {""name"": ""fool3d_"", ""kills"": 3, ""deaths"": 6, ""flag"": ""🇧🇷"", ""team"": ""TR""}, {""name"": ""poopies__"", ""kills"": 1, ""deaths"": 5, ""flag"": ""🇺🇸"", ""team"": ""TR""}]",2025-10-05,105
de_inferno,First Half,5,9,"[{""name"": ""么 P E X"", ""kills"": 12, ""deaths"": 11, ""flag"": ""🇨🇦"", ""team"": ""CT""}, {""name"": ""chaewon"", ""kills"": 11, ""deaths"": 11, ""flag"": ""🇵🇪"", ""team"": ""CT""}, {""name"": ""BaKa"", ""kills"": 7, ""deaths"": 11, ""flag"": ""🇨🇦"", ""team"": ""CT""}, {""name"": ""poopies__"", ""kills"": 7, ""deaths"": 12, ""flag"": ""🇺🇸"", ""team"": ""CT""}, {""name"": ""n0cry"", ""kills"": 6, ""deaths"": 12, ""flag"": ""🇺🇸"", ""team"": ""CT""}, {""name"": ""ms rachel"", ""kills"": 16, ""deaths"": 11, ""flag"": ""🇺🇸"", ""team"": ""TR""}, {""name"": ""FC"", ""kills"": 13, ""deaths"": 10, ""flag"": ""🇺🇸"", ""team"": ""TR""}, {""name"": ""_hell"", ""kills"": 12, ""deaths"": 8, ""flag"": ""🇺🇸"", ""team"": ""TR""}, {""name"": ""fool3d_"", ""kills"": 11, ""deaths"": 7, ""flag"": ""🇧🇷"", ""team"": ""TR""}, {""name"": ""GO BIRDS DH"", ""kills"": 4, ""deaths"": 8, ""flag"": ""🇺🇸"", ""team"": ""TR""}]",2025-10-05,106
de_inferno,Second Half,5,9,"[{""name"": ""_hell"", ""kills"": 12, ""deaths"": 12, ""flag"": ""🇺🇸"", ""team"": ""CT""}, {""name"": ""FC"", ""kills"": 11, ""deaths"": 11, ""flag"": ""🇺🇸"", ""team"": ""CT""}, {""name"": ""GO BIRDS DH"", ""kills"": 11, ""deaths"": 11, ""flag"": ""🇺🇸"", ""team"": ""CT""}, {""name"": ""ms rachel"", ""kills"": 10, ""deaths"": 10, ""flag"": ""🇺🇸"", ""team"": ""CT""}, {""name"": ""fool3d_"", ""kills"": 6, ""deaths"": 11, ""flag"": ""🇧🇷"", ""team"": ""CT""}, {""name"": ""BaKa"", ""kills"": 16, ""deaths"": 10, ""flag"": ""🇨🇦"", ""team"": ""TR""}, {""name"": ""chaewon"", ""kills"": 14, ""deaths"": 11, ""flag"": ""🇵🇪"", ""team"": ""TR""}, {""name"": ""n0cry"", ""kills"": 9, ""deaths"": 10, ""flag"": ""🇺🇸"", ""team"": ""TR""}, {""name"": ""么 P E X"", ""kills"": 8, ""deaths"": 9, ""flag"": ""🇨🇦"", ""team"": ""TR""}, {""name"": ""poopies__"", ""kills"": 7, ""deaths"": 11, ""flag"": ""🇺🇸"", ""team"": ""TR""}]",2025-10-05,106
de_cache_v2,First Half,5,10,"[{""name"": ""n0cry"", ""kills"": 12, ""deaths"": 8, ""flag"": ""🇺🇸"", ""team"": ""CT""}, {""name"": ""kendall"", ""kills"": 11, ""deaths"": 11, ""flag"": ""🇨🇱"", ""team"": ""CT""}, {""name"": ""WHY SO EZ"", ""kills"": 11, ""deaths"": 11, ""flag"": ""🇸🇦"", ""team"": ""CT""}, {""name"": ""_hell"", ""kills"": 7, ""deaths"": 13, ""flag"": ""🇺🇸"", ""team"": ""CT""}, {""name"": ""Nutz"", ""kills"": 7, ""deaths"": 11, ""flag"": ""🇨🇦"", ""team"": ""CT""}, {""name"": ""REDWOOD OG"", ""kills"": 17, ""deaths"": 11, ""flag"": ""🇺🇸"", ""team"": ""TR""}, {""name"": ""FC"", ""kills"": 15, ""deaths"": 10, ""flag"": ""🇺🇸"", ""team"": ""TR""}, {""name"": ""么 P E X"", ""kills"": 10, ""deaths"": 10, ""flag"": ""🇨🇦"", ""team"": ""TR""}, {""name"": ""donut"", ""kills"": 9, ""deaths"": 10, ""flag"": ""🇺🇸"", ""team"": ""TR""}, {""name"": ""fool3d_"", ""kills"": 4, ""deaths"": 9, ""flag"": ""🇧🇷"", ""team"": ""TR""}]",2025-10-06,107
de_cache_v2,Second Half,6,9,"[{""name"": ""FC"", ""kills"": 19, ""deaths"": 11, ""flag"": ""🇺🇸"", ""team"": ""CT""}, {""name"": ""REDWOOD OG"", ""kills"": 8, ""deaths"": 11, ""flag"": ""🇺🇸"", ""team"": ""CT""}, {""name"": ""fool3d_"", ""kills"": 8, ""deaths"": 12, ""flag"": ""🇧🇷"", ""team"": ""CT""}, {""name"": ""donut"", ""kills"": 7, ""deaths"": 11, ""flag"": ""🇺🇸"", ""team"": ""CT""}, {""name"": ""么 P E X"", ""kills"": 6, ""deaths"": 9, ""flag"": ""🇨🇦"", ""team"": ""CT""}, {""name"": ""_hell"", ""kills"": 23, ""deaths"": 10, ""flag"": ""🇺🇸"", ""team"": ""TR""}, {""name"": ""n0cry"", ""kills"": 10, ""deaths"": 10, ""flag"": ""🇺🇸"", ""team"": ""TR""}, {""name"": ""kendall"", ""kills"": 9, ""deaths"": 7, ""flag"": ""🇨🇱"", ""team"": ""TR""}, {""name"": ""WHY SO EZ"", ""kills"": 5, ""deaths"": 11, ""flag"": ""🇸🇦"", ""team"": ""TR""}, {""name"": ""Nutz"", ""kills"": 2, ""deaths"": 2, ""flag"": ""🇨🇦"", ""team"": ""TR""}]",2025-10-06,107
de_tuscan,First Half,6,9,"[{""name"": ""_hell"", ""kills"": 17, ""deaths"": 9, ""flag"": ""🇺🇸"", ""team"": ""CT""}, {""name"": ""fool3d_"", ""kills"": 10, ""deaths"": 10, ""flag"": ""🇧🇷"", ""team"": ""CT""}, {""name"": ""REDWOOD OG"", ""kills"": 10, ""deaths"": 14, ""flag"": ""🇺🇸"", ""team"": ""CT""}, {""name"": ""n0cry"", ""kills"": 9, ""deaths"": 13, ""flag"": ""🇺🇸"", ""team"": ""CT""}, {""name"": ""SeaL"", ""kills"": 3, ""deaths"": 15, ""flag"": ""🇵🇪"", ""team"": ""CT""}, {""name"": ""么 P E X"", ""kills"": 15, ""deaths"": 9, ""flag"": ""🇨🇦"", ""team"": ""TR""}, {""name"": ""kendall"", ""kills"": 14, ""deaths"": 10, ""flag"": ""🇨🇱"", ""team"": ""TR""}, {""name"": ""chaewon"", ""kills"": 14, ""deaths"": 12, ""flag"": ""🇵🇪"", ""team"": ""TR""}, {""name"": ""FC"", ""kills"": 12, ""deaths"": 9, ""flag"": ""🇺🇸"", ""team"": ""TR""}, {""name"": ""Nep*"", ""kills"": 5, ""deaths"": 10, ""flag"": ""🇺🇿"", ""team"": ""TR""}]",2025-10-06,108
de_tuscan,Second Half,7,2,"[{""name"": ""FC"", ""kills"": 18, ""deaths"": 3, ""flag"": ""🇺🇸"", ""team"": ""CT""}, {""name"": ""chaewon"", ""kills"": 9, ""deaths"": 4, ""flag"": ""🇵🇪"", ""team"": ""CT""}, {""name"": ""Nep*"", ""kills"": 6, ""deaths"": 5, ""flag"": ""🇺🇿"", ""team"": ""CT""}, {""name"": ""么 P E X"", ""kills"": 6, ""deaths"": 4, ""flag"": ""🇨🇦"", ""team"": ""CT""}, {""name"": ""_hell"", ""kills"": 7, ""deaths"": 8, ""flag"": ""🇺🇸"", ""team"": ""TR""}, {""name"": ""n0cry"", ""kills"": 6, ""deaths"": 7, ""flag"": ""🇺🇸"", ""team"": ""TR""}, {""name"": ""REDWOOD OG"", ""kills"": 4, ""deaths"": 9, ""flag"": ""🇺🇸"", ""team"": ""TR""}, {""name"": ""SeaL"", ""kills"": 3, ""deaths"": 7, ""flag"": ""🇵🇪"", ""team"": ""TR""}, {""name"": ""fool3d_"", ""kills"": 0, ""deaths"": 9, ""flag"": ""🇧🇷"", ""team"": ""TR""}]",2025-10-06,108
de_mirage,First Half,3,12,"[{""name"": ""么 P E X"", ""kills"": 13, ""deaths"": 12, ""flag"": ""🇨🇦"", ""team"": ""CT""}, {""name"": ""REDWOOD OG"", ""kills"": 9, ""deaths"": 14, ""flag"": ""🇺🇸"", ""team"": ""CT""}, {""name"": ""fool3d_"", ""kills"": 8, ""deaths"": 12, ""flag"": ""🇧🇷"", ""team"": ""CT""}, {""name"": ""_hell"", ""kills"": 7, ""deaths"": 14, ""flag"": ""🇺🇸"", ""team"": ""CT""}, {""name"": ""n0cry"", ""kills"": 4, ""deaths"": 14, ""flag"": ""🇺🇸"", ""team"": ""CT""}, {""name"": ""FC"", ""kills"": 22, ""deaths"": 9, ""flag"": ""🇺🇸"", ""team"": ""TR""}, {""name"": ""chaewon"", ""kills"": 18, ""deaths"": 8, ""flag"": ""🇵🇪"", ""team"": ""TR""}, {""name"": ""kendall"", ""kills"": 11, ""deaths"": 7, ""flag"": ""🇨🇱"", ""team"": ""TR""}, {""name"": ""SeaL"", ""kills"": 10, ""deaths"": 9, ""flag"": ""🇵🇪"", ""team"": ""TR""}, {""name"": ""CuyFino"", ""kills"": 5, ""deaths"": 8, ""flag"": ""🇵🇪"", ""team"": ""TR""}]",2025-10-07,109
de_mirage,Second Half,4,9,"[{""name"": ""chaewon"", ""kills"": 17, ""deaths"": 9, ""flag"": ""🇵🇪"", ""team"": ""CT""}, {""name"": ""FC"", ""kills"": 9, ""deaths"": 10, ""flag"": ""🇺🇸"", ""team"": ""CT""}, {""name"": ""CuyFino"", ""kills"": 6, ""deaths"": 12, ""flag"": ""🇵🇪"", ""team"": ""CT""}, {""name"": ""kendall"", ""kills"": 6, ""deaths"": 10, ""flag"": ""🇨🇱"", ""team"": ""CT""}, {""name"": ""SeaL"", ""kills"": 4, ""deaths"": 11, ""flag"": ""🇵🇪"", ""team"": ""CT""}, {""name"": ""REDWOOD OG"", ""kills"": 14, ""deaths"": 9, ""flag"": ""🇺🇸"", ""team"": ""TR""}, {""name"": ""么 P E X"", ""kills"": 13, ""deaths"": 9, ""flag"": ""🇨🇦"", ""team"": ""TR""}, {""name"": ""_hell"", ""kills"": 11, ""deaths"": 9, ""flag"": ""🇺🇸"", ""team"": ""TR""}, {""name"": ""n0cry"", ""kills"": 7, ""deaths"": 8, ""flag"": ""🇺🇸"", ""team"": ""TR""}, {""name"": ""fool3d_"", ""kills"": 7, ""deaths"": 7, ""flag"": ""🇧🇷"", ""team"": ""TR""}]",2025-10-07,109
de_inferno,First Half,9,6,"[{""name"": ""Whitey Bulger_x1"", ""kills"": 15, ""deaths"": 10, ""flag"": ""🇺🇸"", ""team"": ""CT""}, {""name"": ""n0cry"", ""kills"": 14, ""deaths"": 9, ""flag"": ""🇺🇸"", ""team"": ""CT""}, {""name"": ""_hell"", ""kills"": 10, ""deaths"": 8, ""flag"": ""🇺🇸"", ""team"": ""CT""}, {""name"": ""REDWOOD OG"", ""kills"": 10, ""deaths"": 10, ""flag"": ""🇺🇸"", ""team"": ""CT""}, {""name"": ""fool3d_"", ""kills"": 8, ""deaths"": 10, ""flag"": ""🇧🇷"", ""team"": ""CT""}, {""name"": ""FC"", ""kills"": 13, ""deaths"": 11, ""flag"": ""🇺🇸"", ""team"": ""TR""}, {""name"": ""么 P E X"", ""kills"": 13, ""deaths"": 11, ""flag"": ""🇨🇦"", ""team"": ""TR""}, {""name"": ""chaewon"", ""kills"": 8, ""deaths"": 13, ""flag"": ""🇵🇪"", ""team"": ""TR""}, {""name"": ""CuyFino"", ""kills"": 7, ""deaths"": 12, ""flag"": ""🇵🇪"", ""team"": ""TR""}, {""name"": ""pomona"", ""kills"": 5, ""deaths"": 12, ""flag"": ""🇺🇸"", ""team"": ""TR""}]",2025-10-07,110
de_inferno,Second Half,8,7,"[{""name"": ""FC"", ""kills"": 16, ""deaths"": 9, ""flag"": ""🇺🇸"", ""team"": ""CT""}, {""name"": ""chaewon"", ""kills"": 13, ""deaths"": 12, ""flag"": ""🇵🇪"", ""team"": ""CT""}, {""name"": ""CuyFino"", ""kills"": 11, ""deaths"": 10, ""flag"": ""🇵🇪"", ""team"": ""CT""}, {""name"": ""么 P E X"", ""kills"": 10, ""deaths"": 10, ""flag"": ""🇨🇦"", ""team"": ""CT""}, {""name"": ""pomona"", ""kills"": 5, ""deaths"": 8, ""flag"": ""🇺🇸"", ""team"": ""CT""}, {""name"": ""_hell"", ""kills"": 14, ""deaths"": 11, ""flag"": ""🇺🇸"", ""team"": ""TR""}, {""name"": ""fool3d_"", ""kills"": 11, ""deaths"": 9, ""flag"": ""🇧🇷"", ""team"": ""TR""}, {""name"": ""Whitey Bulger_x1"", ""kills"": 9, ""deaths"": 14, ""flag"": ""🇺🇸"", ""team"": ""TR""}, {""name"": ""REDWOOD OG"", ""kills"": 8, ""deaths"": 11, ""flag"": ""🇺🇸"", ""team"": ""TR""}, {""name"": ""n0cry"", ""kills"": 5, ""deaths"": 12, ""flag"": ""🇺🇸"", ""team"": ""TR""}]",2025-10-07,110
de_mirage,First Half,8,7,"[{""name"": ""chaewon"", ""kills"": 22, ""deaths"": 10, ""flag"": ""🇵🇪"", ""team"": ""CT""}, {""name"": ""_hell"", ""kills"": 13, ""deaths"": 10, ""flag"": ""🇺🇸"", ""team"": ""CT""}, {""name"": ""poopies__"", ""kills"": 11, ""deaths"": 10, ""flag"": ""🇺🇸"", ""team"": ""CT""}, {""name"": ""fool3d_"", ""kills"": 9, ""deaths"": 9, ""flag"": ""🇧🇷"", ""team"": ""CT""}, {""name"": ""REDWOOD OG"", ""kills"": 4, ""deaths"": 13, ""flag"": ""🇺🇸"", ""team"": ""CT""}, {""name"": ""FC"", ""kills"": 18, ""deaths"": 12, ""flag"": ""🇺🇸"", ""team"": ""TR""}, {""name"": ""么 P E X"", ""kills"": 15, ""deaths"": 11, ""flag"": ""🇨🇦"", ""team"": ""TR""}, {""name"": ""SeaL"", ""kills"": 9, ""deaths"": 11, ""flag"": ""🇵🇪"", ""team"": ""TR""}, {""name"": ""n0cry"", ""kills"": 8, ""deaths"": 13, ""flag"": ""🇺🇸"", ""team"": ""TR""}, {""name"": ""t2 el mariachi"", ""kills"": 2, ""deaths"": 3, ""flag"": ""🇺🇸"", ""team"": ""TR""}]",2025-10-07,111
de_nuke,First Half,7,8,"[{""name"": ""_hell"", ""kills"": 14, ""deaths"": 11, ""flag"": ""🇺🇸"", ""team"": ""CT""}, {""name"": ""n0cry"", ""kills"": 14, ""deaths"": 10, ""flag"": ""🇺🇸"", ""team"": ""CT""}, {""name"": ""donut"", ""kills"": 13, ""deaths"": 12, ""flag"": ""🇺🇸"", ""team"": ""CT""}, {""name"": ""Nep*"", ""kills"": 8, ""deaths"": 12, ""flag"": ""🇺🇿"", ""team"": ""CT""}, {""name"": ""REDWOOD OG"", ""kills"": 6, ""deaths"": 12, ""flag"": ""🇺🇸"", ""team"": ""CT""}, {""name"": ""FC"", ""kills"": 12, ""deaths"": 12, ""flag"": ""🇺🇸"", ""team"": ""TR""}, {""name"": ""avg"", ""kills"": 12, ""deaths"": 12, ""flag"": ""🇺🇸"", ""team"": ""TR""}, {""name"": ""nanobanana"", ""kills"": 12, ""deaths"": 13, ""flag"": ""🇧🇷"", ""team"": ""TR""}, {""name"": ""cabana"", ""kills"": 5, ""deaths"": 15, ""flag"": ""🇺🇸"", ""team"": ""TR""}, {""name"": ""ACA*with_tinnitus"", ""kills"": 4, ""deaths"": 15, ""flag"": ""🇫🇷"", ""team"": ""TR""}]",2025-10-09,111
de_nuke,Second Half,6,9,"[{""name"": ""_hell"", ""kills"": 15, ""deaths"": 9, ""flag"": ""🇺🇸"", ""team"": ""CT""}, {""name"": ""n0cry"", ""kills"": 11, ""deaths"": 10, ""flag"": ""🇺🇸"", ""team"": ""CT""}, {""name"": ""donut"", ""kills"": 8, ""deaths"": 9, ""flag"": ""🇺🇸"", ""team"": ""CT""}, {""name"": ""REDWOOD OG"", ""kills"": 4, ""deaths"": 8, ""flag"": ""🇺🇸"", ""team"": ""CT""}, {""name"": ""Nep*"", ""kills"": 3, ""deaths"": 13, ""flag"": ""🇺🇿"", ""team"": ""CT""}, {""name"": ""cabana"", ""kills"": 12, ""deaths"": 11, ""flag"": ""🇺🇸"", ""team"": ""TR""}, {""name"": ""avg"", ""kills"": 11, ""deaths"": 9, ""flag"": ""🇺🇸"", ""team"": ""TR""}, {""name"": ""nanobanana"", ""kills"": 10, ""deaths"": 6, ""flag"": ""🇧🇷"", ""team"": ""TR""}, {""name"": ""ACA*with_tinnitus"", ""kills"": 7, ""deaths"": 13, ""flag"": ""🇫🇷"", ""team"": ""TR""}, {""name"": ""FC"", ""kills"": 3, ""deaths"": 4, ""flag"": ""🇺🇸"", ""team"": ""TR""}]",2025-10-09,112
de_inferno,First Half,4,11,"[{""name"": ""_hell"", ""kills"": 12, ""deaths"": 12, ""flag"": ""🇺🇸"", ""team"": ""CT""}, {""name"": ""Nep*"", ""kills"": 10, ""deaths"": 10, ""flag"": ""🇺🇿"", ""team"": ""CT""}, {""name"": ""nanobanana"", ""kills"": 8, ""deaths"": 12, ""flag"": ""🇧🇷"", ""team"": ""CT""}, {""name"": ""n0cry"", ""kills"": 7, ""deaths"": 10, ""flag"": ""🇺🇸"", ""team"": ""CT""}, {""name"": ""donut"", ""kills"": 4, ""deaths"": 12, ""flag"": ""🇺🇸"", ""team"": ""CT""}, {""name"": ""cabana"", ""kills"": 17, ""deaths"": 8, ""flag"": ""🇺🇸"", ""team"": ""TR""}, {""name"": ""REDWOOD OG"", ""kills"": 16, ""deaths"": 6, ""flag"": ""🇺🇸"", ""team"": ""TR""}, {""name"": ""FC"", ""kills"": 12, ""deaths"": 11, ""flag"": ""🇺🇸"", ""team"": ""TR""}, {""name"": ""ACA*with_tinnitus"", ""kills"": 10, ""deaths"": 11, ""flag"": ""🇫🇷"", ""team"": ""TR""}, {""name"": ""pomona"", ""kills"": 5, ""deaths"": 8, ""flag"": ""🇺🇸"", ""team"": ""TR""}]",2025-10-09,112
de_inferno,Second Half,4,8,"[{""name"": ""ACA*with_tinnitus"", ""kills"": 16, ""deaths"": 10, ""flag"": ""🇫🇷"", ""team"": ""CT""}, {""name"": ""FC"", ""kills"": 8, ""deaths"": 11, ""flag"": ""🇺🇸"", ""team"": ""CT""}, {""name"": ""REDWOOD OG"", ""kills"": 7, ""deaths"": 12, ""flag"": ""🇺🇸"", ""team"": ""CT""}, {""name"": ""cabana"", ""kills"": 4, ""deaths"": 10, ""flag"": ""🇺🇸"", ""team"": ""CT""}, {""name"": ""pomona"", ""kills"": 3, ""deaths"": 11, ""flag"": ""🇺🇸"", ""team"": ""CT""}, {""name"": ""n0cry"", ""kills"": 17, ""deaths"": 7, ""flag"": ""🇺🇸"", ""team"": ""TR""}, {""name"": ""_hell"", ""kills"": 11, ""deaths"": 9, ""flag"": ""🇺🇸"", ""team"": ""TR""}, {""name"": ""donut"", ""kills"": 9, ""deaths"": 7, ""flag"": ""🇺🇸"", ""team"": ""TR""}, {""name"": ""nanobanana"", ""kills"": 8, ""deaths"": 8, ""flag"": ""🇧🇷"", ""team"": ""TR""}, {""name"": ""Nep*"", ""kills"": 7, ""deaths"": 8, ""flag"": ""🇺🇿"", ""team"": ""TR""}]",2025-10-09,113
de_tuscan,First Half,5,10,"[{""name"": ""chaewon"", ""kills"": 15, ""deaths"": 11, ""flag"": ""🇵🇪"", ""team"": ""CT""}, {""name"": ""FC"", ""kills"": 9, ""deaths"": 13, ""flag"": ""🇺🇸"", ""team"": ""CT""}, {""name"": ""poopies__"", ""kills"": 9, ""deaths"": 12, ""flag"": ""🇺🇸"", ""team"": ""CT""}, {""name"": ""SeaL"", ""kills"": 4, ""deaths"": 15, ""flag"": ""🇵🇪"", ""team"": ""CT""}, {""name"": ""CuyFino"", ""kills"": 4, ""deaths"": 14, ""flag"": ""🇵🇪"", ""team"": ""CT""}, {""name"": ""t2 el mariachi"", ""kills"": 22, ""deaths"": 8, ""flag"": ""🇺🇸"", ""team"": ""TR""}, {""name"": ""么 P E X"", ""kills"": 15, ""deaths"": 9, ""flag"": ""🇨🇦"", ""team"": ""TR""}, {""name"": ""_hell"", ""kills"": 12, ""deaths"": 8, ""flag"": ""🇺🇸"", ""team"": ""TR""}, {""name"": ""Nep*"", ""kills"": 8, ""deaths"": 6, ""flag"": ""🇺🇿"", ""team"": ""TR""}, {""name"": ""Sauce Pasta"", ""kills"": 8, ""deaths"": 10, ""flag"": ""🇨🇦"", ""team"": ""TR""}]",2025-10-10,113
de_tuscan,Second Half,5,10,"[{""name"": ""t2 el mariachi"", ""kills"": 19, ""deaths"": 11, ""flag"": ""🇺🇸"", ""team"": ""CT""}, {""name"": ""Sauce Pasta"", ""kills"": 8, ""deaths"": 13, ""flag"": ""🇨🇦"", ""team"": ""CT""}, {""name"": ""_hell"", ""kills"": 7, ""deaths"": 11, ""flag"": ""🇺🇸"", ""team"": ""CT""}, {""name"": ""么 P E X"", ""kills"": 5, ""deaths"": 13, ""flag"": ""🇨🇦"", ""team"": ""CT""}, {""name"": ""FC"", ""kills"": 15, ""deaths"": 9, ""flag"": ""🇺🇸"", ""team"": ""TR""}, {""name"": ""chaewon"", ""kills"": 15, ""deaths"": 7, ""flag"": ""🇵🇪"", ""team"": ""TR""}, {""name"": ""poopies__"", ""kills"": 12, ""deaths"": 9, ""flag"": ""🇺🇸"", ""team"": ""TR""}, {""name"": ""SeaL"", ""kills"": 11, ""deaths"": 10, ""flag"": ""🇵🇪"", ""team"": ""TR""}, {""name"": ""CuyFino"", ""kills"": 10, ""deaths"": 11, ""flag"": ""🇵🇪"", ""team"": ""TR""}]",2025-10-10,114
de_mirage,Second Half,13,2,"[{""name"": ""t2 el mariachi"", ""kills"": 20, ""deaths"": 7, ""flag"": ""🇺🇸"", ""team"": ""CT""}, {""name"": ""么 P E X"", ""kills"": 17, ""deaths"": 5, ""flag"": ""🇨🇦"", ""team"": ""CT""}, {""name"": ""_hell"", ""kills"": 17, ""deaths"": 6, ""flag"": ""🇺🇸"", ""team"": ""CT""}, {""name"": ""Sauce Pasta"", ""kills"": 11, ""deaths"": 8, ""flag"": ""🇨🇦"", ""team"": ""CT""}, {""name"": ""Nep*"", ""kills"": 5, ""deaths"": 8, ""flag"": ""🇺🇿"", ""team"": ""CT""}, {""name"": ""poopies__"", ""kills"": 9, ""deaths"": 13, ""flag"": ""🇺🇸"", ""team"": ""TR""}, {""name"": ""chaewon"", ""kills"": 9, ""deaths"": 13, ""flag"": ""🇵🇪"", ""team"": ""TR""}, {""name"": ""CuyFino"", ""kills"": 7, ""deaths"": 14, ""flag"": ""🇵🇪"", ""team"": ""TR""}, {""name"": ""FC"", ""kills"": 7, ""deaths"": 15, ""flag"": ""🇺🇸"", ""team"": ""TR""}, {""name"": ""SeaL"", ""kills"": 2, ""deaths"": 15, ""flag"": ""🇵🇪"", ""team"": ""TR""}, {""name"": ""poopies__"", ""kills"": 2, ""deaths"": 3, ""flag"": ""🇺🇸"", ""team"": ""CT""}, {""name"": ""chaewon"", ""kills"": 2, ""deaths"": 3, ""flag"": ""🇵🇪"", ""team"": ""CT""}, {""name"": ""SeaL"", ""kills"": 1, ""deaths"": 3, ""flag"": ""🇵🇪"", ""team"": ""CT""}, {""name"": ""CuyFino"", ""kills"": 0, ""deaths"": 3, ""flag"": ""🇵🇪"", ""team"": ""CT""}, {""name"": ""FC"", ""kills"": 0, ""deaths"": 3, ""flag"": ""🇺🇸"", ""team"": ""CT""}, {""name"": ""t2 el mariachi"", ""kills"": 6, ""deaths"": 1, ""flag"": ""🇺🇸"", ""team"": ""TR""}, {""name"": ""_hell"", ""kills"": 5, ""deaths"": 1, ""flag"": ""🇺🇸"", ""team"": ""TR""}, {""name"": ""么 P E X"", ""kills"": 3, ""deaths"": 1, ""flag"": ""🇨🇦"", ""team"": ""TR""}, {""name"": ""Sauce Pasta"", ""kills"": 1, ""deaths"": 1, ""flag"": ""🇨🇦"", ""team"": ""TR""}, {""name"": ""Nep*"", ""kills"": 0, ""deaths"": 1, ""flag"": ""🇺🇿"", ""team"": ""TR""}]",2025-10-10,114
de_tuscan,First Half,3,12,"[{""name"": ""_hell"", ""kills"": 17, ""deaths"": 13, ""flag"": ""🇺🇸"", ""team"": ""CT""}, {""name"": ""cabana"", ""kills"": 9, ""deaths"": 13, ""flag"": ""🇺🇸"", ""team"": ""CT""}, {""name"": ""tantana (NOOB)"", ""kills"": 7, ""deaths"": 14, ""flag"": ""🇨🇦"", ""team"": ""CT""}, {""name"": ""CuyFino"", ""kills"": 4, ""deaths"": 15, ""flag"": ""🇵🇪"", ""team"": ""CT""}, {""name"": ""SeaL"", ""kills"": 1, ""deaths"": 8, ""flag"": ""🇵🇪"", ""team"": ""CT""}, {""name"": ""t2 el mariachi"", ""kills"": 19, ""deaths"": 10, ""flag"": ""🇺🇸"", ""team"": ""TR""}, {""name"": ""FC"", ""kills"": 16, ""deaths"": 7, ""flag"": ""🇺🇸"", ""team"": ""TR""}, {""name"": ""n0cry"", ""kills"": 14, ""deaths"": 8, ""flag"": ""🇺🇸"", ""team"": ""TR""}, {""name"": ""chaewon"", ""kills"": 13, ""deaths"": 10, ""flag"": ""🇵🇪"", ""team"": ""TR""}, {""name"": ""pomona"", ""kills"": 6, ""deaths"": 5, ""flag"": ""🇺🇸"", ""team"": ""TR""}]",2025-10-12,115
de_tuscan,Second Half,3,12,"[{""name"": ""t2 el mariachi"", ""kills"": 17, ""deaths"": 12, ""flag"": ""🇺🇸"", ""team"": ""CT""}, {""name"": ""FC"", ""kills"": 8, ""deaths"": 14, ""flag"": ""🇺🇸"", ""team"": ""CT""}, {""name"": ""chaewon"", ""kills"": 8, ""deaths"": 13, ""flag"": ""🇵🇪"", ""team"": ""CT""}, {""name"": ""n0cry"", ""kills"": 7, ""deaths"": 12, ""flag"": ""🇺🇸"", ""team"": ""CT""}, {""name"": ""pomona"", ""kills"": 2, ""deaths"": 14, ""flag"": ""🇺🇸"", ""team"": ""CT""}, {""name"": ""cabana"", ""kills"": 24, ""deaths"": 8, ""flag"": ""🇺🇸"", ""team"": ""TR""}, {""name"": ""tantana (NOOB)"", ""kills"": 19, ""deaths"": 10, ""flag"": ""🇨🇦"", ""team"": ""TR""}, {""name"": ""CuyFino"", ""kills"": 9, ""deaths"": 5, ""flag"": ""🇵🇪"", ""team"": ""TR""}, {""name"": ""_hell"", ""kills"": 7, ""deaths"": 12, ""flag"": ""🇺🇸"", ""team"": ""TR""}, {""name"": ""SeaL"", ""kills"": 7, ""deaths"": 9, ""flag"": ""🇵🇪"", ""team"": ""TR""}]",2025-10-13,115
de_mirage,First Half,10,5,"[{""name"": ""tantana (NOOB)"", ""kills"": 17, ""deaths"": 7, ""flag"": ""🇨🇦"", ""team"": ""CT""}, {""name"": ""cabana"", ""kills"": 15, ""deaths"": 9, ""flag"": ""🇺🇸"", ""team"": ""CT""}, {""name"": ""_hell"", ""kills"": 12, ""deaths"": 9, ""flag"": ""🇺🇸"", ""team"": ""CT""}, {""name"": ""SeaL"", ""kills"": 4, ""deaths"": 9, ""flag"": ""🇵🇪"", ""team"": ""CT""}, {""name"": ""t2 el mariachi"", ""kills"": 1, ""deaths"": 3, ""flag"": ""🇺🇸"", ""team"": ""CT""}, {""name"": ""FC"", ""kills"": 15, ""deaths"": 12, ""flag"": ""🇺🇸"", ""team"": ""TR""}, {""name"": ""BaKa"", ""kills"": 12, ""deaths"": 11, ""flag"": ""🇨🇦"", ""team"": ""TR""}, {""name"": ""n0cry"", ""kills"": 5, ""deaths"": 14, ""flag"": ""🇺🇸"", ""team"": ""TR""}, {""name"": ""CuyFino"", ""kills"": 5, ""deaths"": 13, ""flag"": ""🇵🇪"", ""team"": ""TR""}, {""name"": ""chaewon"", ""kills"": 4, ""deaths"": 13, ""flag"": ""🇵🇪"", ""team"": ""TR""}]",2025-10-13,116
de_mirage,Second Half,2,6,"[{""name"": ""chaewon"", ""kills"": 9, ""deaths"": 7, ""flag"": ""🇵🇪"", ""team"": ""CT""}, {""name"": ""BaKa"", ""kills"": 4, ""deaths"": 7, ""flag"": ""🇨🇦"", ""team"": ""CT""}, {""name"": ""FC"", ""kills"": 4, ""deaths"": 7, ""flag"": ""🇺🇸"", ""team"": ""CT""}, {""name"": ""n0cry"", ""kills"": 3, ""deaths"": 8, ""flag"": ""🇺🇸"", ""team"": ""CT""}, {""name"": ""CuyFino"", ""kills"": 0, ""deaths"": 7, ""flag"": ""🇵🇪"", ""team"": ""CT""}, {""name"": ""cabana"", ""kills"": 13, ""deaths"": 3, ""flag"": ""🇺🇸"", ""team"": ""TR""}, {""name"": ""t2 el mariachi"", ""kills"": 10, ""deaths"": 4, ""flag"": ""🇺🇸"", ""team"": ""TR""}, {""name"": ""_hell"", ""kills"": 7, ""deaths"": 4, ""flag"": ""🇺🇸"", ""team"": ""TR""}, {""name"": ""tantana (NOOB)"", ""kills"": 5, ""deaths"": 3, ""flag"": ""🇨🇦"", ""team"": ""TR""}, {""name"": ""SeaL"", ""kills"": 1, ""deaths"": 6, ""flag"": ""🇵🇪"", ""team"": ""TR""}]",2025-10-13,116
de_inferno,First Half,6,9,"[{""name"": ""t2 el mariachi"", ""kills"": 17, ""deaths"": 10, ""flag"": ""🇺🇸"", ""team"": ""CT""}, {""name"": ""_hell"", ""kills"": 12, ""deaths"": 10, ""flag"": ""🇺🇸"", ""team"": ""CT""}, {""name"": ""cabana"", ""kills"": 7, ""deaths"": 12, ""flag"": ""🇺🇸"", ""team"": ""CT""}, {""name"": ""FC"", ""kills"": 6, ""deaths"": 12, ""flag"": ""🇺🇸"", ""team"": ""CT""}, {""name"": ""CuyFino"", ""kills"": 4, ""deaths"": 12, ""flag"": ""🇵🇪"", ""team"": ""CT""}, {""name"": ""tantana (NOOB)"", ""kills"": 16, ""deaths"": 9, ""flag"": ""🇨🇦"", ""team"": ""TR""}, {""name"": ""n0cry"", ""kills"": 11, ""deaths"": 9, ""flag"": ""🇺🇸"", ""team"": ""TR""}, {""name"": ""chaewon"", ""kills"": 11, ""deaths"": 10, ""flag"": ""🇵🇪"", ""team"": ""TR""}, {""name"": ""BaKa"", ""kills"": 9, ""deaths"": 11, ""flag"": ""🇨🇦"", ""team"": ""TR""}, {""name"": ""pomona"", ""kills"": 7, ""deaths"": 11, ""flag"": ""🇺🇸"", ""team"": ""TR""}]",2025-10-13,117
de_inferno,First Half,5,10,"[{""name"": ""n0cry"", ""kills"": 17, ""deaths"": 10, ""flag"": ""🇺🇸"", ""team"": ""CT""}, {""name"": ""chaewon"", ""kills"": 11, ""deaths"": 12, ""flag"": ""🇵🇪"", ""team"": ""CT""}, {""name"": ""tantana (NOOB)"", ""kills"": 9, ""deaths"": 13, ""flag"": ""🇨🇦"", ""team"": ""CT""}, {""name"": ""pomona"", ""kills"": 8, ""deaths"": 10, ""flag"": ""🇺🇸"", ""team"": ""CT""}, {""name"": ""BaKa"", ""kills"": 6, ""deaths"": 10, ""flag"": ""🇨🇦"", ""team"": ""CT""}, {""name"": ""cabana"", ""kills"": 21, ""deaths"": 8, ""flag"": ""🇺🇸"", ""team"": ""TR""}, {""name"": ""t2 el mariachi"", ""kills"": 12, ""deaths"": 12, ""flag"": ""🇺🇸"", ""team"": ""TR""}, {""name"": ""FC"", ""kills"": 10, ""deaths"": 12, ""flag"": ""🇺🇸"", ""team"": ""TR""}, {""name"": ""_hell"", ""kills"": 7, ""deaths"": 11, ""flag"": ""🇺🇸"", ""team"": ""TR""}, {""name"": ""CuyFino"", ""kills"": 7, ""deaths"": 9, ""flag"": ""🇵🇪"", ""team"": ""TR""}, {""name"": ""cYr"", ""kills"": 16, ""deaths"": 9, ""flag"": ""🇺🇸"", ""team"": ""CT""}, {""name"": ""chaewon"", ""kills"": 14, ""deaths"": 12, ""flag"": ""🇵🇪"", ""team"": ""CT""}, {""name"": ""p1c4"", ""kills"": 12, ""deaths"": 8, ""flag"": ""🇧🇷"", ""team"": ""CT""}, {""name"": ""CuyFino"", ""kills"": 8, ""deaths"": 7, ""flag"": ""🇵🇪"", ""team"": ""CT""}, {""name"": ""donut"", ""kills"": 6, ""deaths"": 12, ""flag"": ""🇺🇸"", ""team"": ""CT""}, {""name"": ""OBBE_ex"", ""kills"": 11, ""deaths"": 11, ""flag"": ""🇷🇴"", ""team"": ""TR""}, {""name"": ""么 P E X"", ""kills"": 11, ""deaths"": 11, ""flag"": ""🇨🇦"", ""team"": ""TR""}, {""name"": ""poopies__"", ""kills"": 9, ""deaths"": 12, ""flag"": ""🇺🇸"", ""team"": ""TR""}, {""name"": ""t2 el mariachi"", ""kills"": 9, ""deaths"": 12, ""flag"": ""🇺🇸"", ""team"": ""TR""}, {""name"": ""pomona"", ""kills"": 7, ""deaths"": 11, ""flag"": ""🇺🇸"", ""team"": ""TR""}]",2025-10-15,117
de_mirage,Second Half,4,6,"[{""name"": ""OBBE_ex"", ""kills"": 10, ""deaths"": 8, ""flag"": ""🇷🇴"", ""team"": ""CT""}, {""name"": ""poopies__"", ""kills"": 9, ""deaths"": 9, ""flag"": ""🇺🇸"", ""team"": ""CT""}, {""name"": ""么 P E X"", ""kills"": 7, ""deaths"": 9, ""flag"": ""🇨🇦"", ""team"": ""CT""}, {""name"": ""t2 el mariachi"", ""kills"": 5, ""deaths"": 8, ""flag"": ""🇺🇸"", ""team"": ""CT""}, {""name"": ""pomona"", ""kills"": 1, ""deaths"": 8, ""flag"": ""🇺🇸"", ""team"": ""CT""}, {""name"": ""chaewon"", ""kills"": 14, ""deaths"": 6, ""flag"": ""🇵🇪"", ""team"": ""TR""}, {""name"": ""cYr"", ""kills"": 12, ""deaths"": 5, ""flag"": ""🇺🇸"", ""team"": ""TR""}, {""name"": ""CuyFino"", ""kills"": 7, ""deaths"": 6, ""flag"": ""🇵🇪"", ""team"": ""TR""}, {""name"": ""p1c4"", ""kills"": 6, ""deaths"": 7, ""flag"": ""🇧🇷"", ""team"": ""TR""}, {""name"": ""donut"", ""kills"": 3, ""deaths"": 8, ""flag"": ""🇺🇸"", ""team"": ""TR""}]",2025-10-15,118
de_tuscan,First Half,6,9,"[{""name"": ""donut"", ""kills"": 13, ""deaths"": 14, ""flag"": ""🇺🇸"", ""team"": ""CT""}, {""name"": ""cYr"", ""kills"": 13, ""deaths"": 11, ""flag"": ""🇺🇸"", ""team"": ""CT""}, {""name"": ""p1c4"", ""kills"": 12, ""deaths"": 10, ""flag"": ""🇧🇷"", ""team"": ""CT""}, {""name"": ""_hell"", ""kills"": 12, ""deaths"": 11, ""flag"": ""🇺🇸"", ""team"": ""CT""}, {""name"": ""pomona"", ""kills"": 6, ""deaths"": 11, ""flag"": ""🇺🇸"", ""team"": ""CT""}, {""name"": ""poopies__"", ""kills"": 18, ""deaths"": 10, ""flag"": ""🇺🇸"", ""team"": ""TR""}, {""name"": ""chaewon"", ""kills"": 13, ""deaths"": 13, ""flag"": ""🇵🇪"", ""team"": ""TR""}, {""name"": ""么 P E X"", ""kills"": 11, ""deaths"": 11, ""flag"": ""🇨🇦"", ""team"": ""TR""}, {""name"": ""OBBE_ex"", ""kills"": 9, ""deaths"": 9, ""flag"": ""🇷🇴"", ""team"": ""TR""}, {""name"": ""CuyFino"", ""kills"": 5, ""deaths"": 14, ""flag"": ""🇵🇪"", ""team"": ""TR""}]",2025-10-15,118
de_tuscan,Second Half,4,10,"[{""name"": ""chaewon"", ""kills"": 14, ""deaths"": 10, ""flag"": ""🇵🇪"", ""team"": ""CT""}, {""name"": ""OBBE_ex"", ""kills"": 5, ""deaths"": 13, ""flag"": ""🇷🇴"", ""team"": ""CT""}, {""name"": ""CuyFino"", ""kills"": 5, ""deaths"": 13, ""flag"": ""🇵🇪"", ""team"": ""CT""}, {""name"": ""么 P E X"", ""kills"": 4, ""deaths"": 12, ""flag"": ""🇨🇦"", ""team"": ""CT""}, {""name"": ""poopies__"", ""kills"": 2, ""deaths"": 13, ""flag"": ""🇺🇸"", ""team"": ""CT""}, {""name"": ""_hell"", ""kills"": 20, ""deaths"": 6, ""flag"": ""🇺🇸"", ""team"": ""TR""}, {""name"": ""donut"", ""kills"": 15, ""deaths"": 6, ""flag"": ""🇺🇸"", ""team"": ""TR""}, {""name"": ""FC"", ""kills"": 10, ""deaths"": 4, ""flag"": ""🇺🇸"", ""team"": ""TR""}, {""name"": ""cYr"", ""kills"": 9, ""deaths"": 7, ""flag"": ""🇺🇸"", ""team"": ""TR""}, {""name"": ""p1c4"", ""kills"": 6, ""deaths"": 7, ""flag"": ""🇧🇷"", ""team"": ""TR""}]",2025-10-15,119
de_nuke,First Half,4,11,"[{""name"": ""chaewon"", ""kills"": 15, ""deaths"": 12, ""flag"": ""🇵🇪"", ""team"": ""CT""}, {""name"": ""cYr"", ""kills"": 11, ""deaths"": 11, ""flag"": ""🇺🇸"", ""team"": ""CT""}, {""name"": ""p1c4"", ""kills"": 7, ""deaths"": 12, ""flag"": ""🇧🇷"", ""team"": ""CT""}, {""name"": ""_hell"", ""kills"": 5, ""deaths"": 13, ""flag"": ""🇺🇸"", ""team"": ""CT""}, {""name"": ""poopies__"", ""kills"": 2, ""deaths"": 15, ""flag"": ""🇺🇸"", ""team"": ""CT""}, {""name"": ""FC"", ""kills"": 18, ""deaths"": 8, ""flag"": ""🇺🇸"", ""team"": ""TR""}, {""name"": ""don knotts"", ""kills"": 16, ""deaths"": 8, ""flag"": ""🇺🇸"", ""team"": ""TR""}, {""name"": ""么 P E X"", ""kills"": 12, ""deaths"": 7, ""flag"": ""🇨🇦"", ""team"": ""TR""}, {""name"": ""ms rachel"", ""kills"": 12, ""deaths"": 7, ""flag"": ""🇺🇸"", ""team"": ""TR""}, {""name"": ""CuyFino"", ""kills"": 3, ""deaths"": 11, ""flag"": ""🇵🇪"", ""team"": ""TR""}]",2025-10-15,119
de_nuke,First Half,5,8,"[{""name"": ""么 P E X"", ""kills"": 10, ""deaths"": 13, ""flag"": ""🇨🇦"", ""team"": ""CT""}, {""name"": ""FC"", ""kills"": 9, ""deaths"": 10, ""flag"": ""🇺🇸"", ""team"": ""CT""}, {""name"": ""ms rachel"", ""kills"": 9, ""deaths"": 10, ""flag"": ""🇺🇸"", ""team"": ""CT""}, {""name"": ""CuyFino"", ""kills"": 6, ""deaths"": 11, ""flag"": ""🇵🇪"", ""team"": ""CT""}, {""name"": ""don knotts"", ""kills"": 6, ""deaths"": 9, ""flag"": ""🇺🇸"", ""team"": ""CT""}, {""name"": ""cYr"", ""kills"": 17, ""deaths"": 8, ""flag"": ""🇺🇸"", ""team"": ""TR""}, {""name"": ""chaewon"", ""kills"": 13, ""deaths"": 10, ""flag"": ""🇵🇪"", ""team"": ""TR""}, {""name"": ""_hell"", ""kills"": 10, ""deaths"": 8, ""flag"": ""🇺🇸"", ""team"": ""TR""}, {""name"": ""p1c4"", ""kills"": 10, ""deaths"": 8, ""flag"": ""🇧🇷"", ""team"": ""TR""}, {""name"": ""poopies__"", ""kills"": 5, ""deaths"": 8, ""flag"": ""🇺🇸"", ""team"": ""TR""}, {""name"": ""么 P E X"", ""kills"": 12, ""deaths"": 8, ""flag"": ""🇨🇦"", ""team"": ""CT""}, {""name"": ""_hell"", ""kills"": 11, ""deaths"": 11, ""flag"": ""🇺🇸"", ""team"": ""CT""}, {""name"": ""FC"", ""kills"": 8, ""deaths"": 15, ""flag"": ""🇺🇸"", ""team"": ""CT""}, {""name"": ""poopies__"", ""kills"": 8, ""deaths"": 12, ""flag"": ""🇺🇸"", ""team"": ""CT""}, {""name"": ""Gingerbread Man"", ""kills"": 2, ""deaths"": 14, ""flag"": ""🇺🇸"", ""team"": ""CT""}, {""name"": ""Yellow Mamba"", ""kills"": 18, ""deaths"": 10, ""flag"": ""🇺🇸"", ""team"": ""TR""}, {""name"": ""REDWOOD OG"", ""kills"": 13, ""deaths"": 6, ""flag"": ""🇺🇸"", ""team"": ""TR""}, {""name"": ""cYr"", ""kills"": 9, ""deaths"": 10, ""flag"": ""🇺🇸"", ""team"": ""TR""}, {""name"": ""ms rachel"", ""kills"": 8, ""deaths"": 4, ""flag"": ""🇺🇸"", ""team"": ""TR""}, {""name"": ""p1c4"", ""kills"": 7, ""deaths"": 8, ""flag"": ""🇧🇷"", ""team"": ""TR""}]",2025-10-15,120
de_inferno,Second Half,3,12,"[{""name"": ""Yellow Mamba"", ""kills"": 11, ""deaths"": 14, ""flag"": ""🇺🇸"", ""team"": ""CT""}, {""name"": ""p1c4"", ""kills"": 9, ""deaths"": 11, ""flag"": ""🇧🇷"", ""team"": ""CT""}, {""name"": ""ms rachel"", ""kills"": 8, ""deaths"": 13, ""flag"": ""🇺🇸"", ""team"": ""CT""}, {""name"": ""REDWOOD OG"", ""kills"": 8, ""deaths"": 15, ""flag"": ""🇺🇸"", ""team"": ""CT""}, {""name"": ""cYr"", ""kills"": 7, ""deaths"": 12, ""flag"": ""🇺🇸"", ""team"": ""CT""}, {""name"": ""_hell"", ""kills"": 19, ""deaths"": 8, ""flag"": ""🇺🇸"", ""team"": ""TR""}, {""name"": ""FC"", ""kills"": 17, ""deaths"": 8, ""flag"": ""🇺🇸"", ""team"": ""TR""}, {""name"": ""poopies__"", ""kills"": 14, ""deaths"": 9, ""flag"": ""🇺🇸"", ""team"": ""TR""}, {""name"": ""Gingerbread Man"", ""kills"": 2, ""deaths"": 12, ""flag"": ""🇺🇸"", ""team"": ""TR""}, {""name"": ""么 P E X"", ""kills"": 2, ""deaths"": 4, ""flag"": ""🇨🇦"", ""team"": ""TR""}]",2025-10-15,120
de_dust2,First Half,6,9,"[{""name"": ""FC"", ""kills"": 19, ""deaths"": 11, ""flag"": ""🇺🇸"", ""team"": ""CT""}, {""name"": ""么 P E X"", ""kills"": 11, ""deaths"": 13, ""flag"": ""🇨🇦"", ""team"": ""CT""}, {""name"": ""REDWOOD OG"", ""kills"": 8, ""deaths"": 12, ""flag"": ""🇺🇸"", ""team"": ""CT""}, {""name"": ""p1c4"", ""kills"": 8, ""deaths"": 9, ""flag"": ""🇧🇷"", ""team"": ""CT""}, {""name"": ""_hell"", ""kills"": 5, ""deaths"": 11, ""flag"": ""🇺🇸"", ""team"": ""CT""}, {""name"": ""Yellow Mamba"", ""kills"": 22, ""deaths"": 10, ""flag"": ""🇺🇸"", ""team"": ""TR""}, {""name"": ""Nutz"", ""kills"": 13, ""deaths"": 10, ""flag"": ""🇨🇦"", ""team"": ""TR""}, {""name"": ""ms rachel"", ""kills"": 12, ""deaths"": 11, ""flag"": ""🇺🇸"", ""team"": ""TR""}, {""name"": ""cYr"", ""kills"": 4, ""deaths"": 10, ""flag"": ""🇺🇸"", ""team"": ""TR""}, {""name"": ""poopies__"", ""kills"": 3, ""deaths"": 11, ""flag"": ""🇺🇸"", ""team"": ""TR""}]",2025-10-15,121
de_dust2,Second Half,4,10,"[{""name"": ""ms rachel"", ""kills"": 14, ""deaths"": 11, ""flag"": ""🇺🇸"", ""team"": ""CT""}, {""name"": ""cYr"", ""kills"": 8, ""deaths"": 11, ""flag"": ""🇺🇸"", ""team"": ""CT""}, {""name"": ""poopies__"", ""kills"": 8, ""deaths"": 11, ""flag"": ""🇺🇸"", ""team"": ""CT""}, {""name"": ""Nutz"", ""kills"": 8, ""deaths"": 11, ""flag"": ""🇨🇦"", ""team"": ""CT""}, {""name"": ""Yellow Mamba"", ""kills"": 5, ""deaths"": 12, ""flag"": ""🇺🇸"", ""team"": ""CT""}, {""name"": ""FC"", ""kills"": 19, ""deaths"": 8, ""flag"": ""🇺🇸"", ""team"": ""TR""}, {""name"": ""_hell"", ""kills"": 15, ""deaths"": 7, ""flag"": ""🇺🇸"", ""team"": ""TR""}, {""name"": ""么 P E X"", ""kills"": 10, ""deaths"": 8, ""flag"": ""🇨🇦"", ""team"": ""TR""}, {""name"": ""p1c4"", ""kills"": 9, ""deaths"": 10, ""flag"": ""🇧🇷"", ""team"": ""TR""}, {""name"": ""REDWOOD OG"", ""kills"": 5, ""deaths"": 11, ""flag"": ""🇺🇸"", ""team"": ""TR""}]",2025-10-16,121
de_mirage,First Half,4,11,"[{""name"": ""_hell"", ""kills"": 12, ""deaths"": 11, ""flag"": ""🇺🇸"", ""team"": ""CT""}, {""name"": ""FC"", ""kills"": 11, ""deaths"": 13, ""flag"": ""🇺🇸"", ""team"": ""CT""}, {""name"": ""么 P E X"", ""kills"": 7, ""deaths"": 13, ""flag"": ""🇨🇦"", ""team"": ""CT""}, {""name"": ""p1c4"", ""kills"": 6, ""deaths"": 11, ""flag"": ""🇧🇷"", ""team"": ""CT""}, {""name"": ""REDWOOD OG"", ""kills"": 2, ""deaths"": 13, ""flag"": ""🇺🇸"", ""team"": ""CT""}, {""name"": ""Yellow Mamba"", ""kills"": 19, ""deaths"": 8, ""flag"": ""🇺🇸"", ""team"": ""TR""}, {""name"": ""chaewon"", ""kills"": 16, ""deaths"": 6, ""flag"": ""🇵🇪"", ""team"": ""TR""}, {""name"": ""poopies__"", ""kills"": 14, ""deaths"": 5, ""flag"": ""🇺🇸"", ""team"": ""TR""}, {""name"": ""mule-power"", ""kills"": 12, ""deaths"": 9, ""flag"": ""🇺🇸"", ""team"": ""TR""}, {""name"": ""cYr"", ""kills"": 6, ""deaths"": 10, ""flag"": ""🇺🇸"", ""team"": ""TR""}]",2025-10-16,122
de_mirage,Second Half,3,12,"[{""name"": ""cYr"", ""kills"": 12, ""deaths"": 12, ""flag"": ""🇺🇸"", ""team"": ""CT""}, {""name"": ""poopies__"", ""kills"": 8, ""deaths"": 11, ""flag"": ""🇺🇸"", ""team"": ""CT""}, {""name"": ""Yellow Mamba"", ""kills"": 7, ""deaths"": 12, ""flag"": ""🇺🇸"", ""team"": ""CT""}, {""name"": ""chaewon"", ""kills"": 5, ""deaths"": 15, ""flag"": ""🇵🇪"", ""team"": ""CT""}, {""name"": ""mule-power"", ""kills"": 3, ""deaths"": 10, ""flag"": ""🇺🇸"", ""team"": ""CT""}, {""name"": ""么 P E X"", ""kills"": 18, ""deaths"": 6, ""flag"": ""🇨🇦"", ""team"": ""TR""}, {""name"": ""_hell"", ""kills"": 15, ""deaths"": 8, ""flag"": ""🇺🇸"", ""team"": ""TR""}, {""name"": ""REDWOOD OG"", ""kills"": 10, ""deaths"": 6, ""flag"": ""🇺🇸"", ""team"": ""TR""}, {""name"": ""p1c4"", ""kills"": 9, ""deaths"": 6, ""flag"": ""🇧🇷"", ""team"": ""TR""}, {""name"": ""FC"", ""kills"": 7, ""deaths"": 10, ""flag"": ""🇺🇸"", ""team"": ""TR""}]",2025-10-16,122
de_mirage,Second Half,11,4,"[{""name"": ""chaewon"", ""kills"": 21, ""deaths"": 8, ""flag"": ""🇵🇪"", ""team"": ""CT""}, {""name"": ""么 P E X"", ""kills"": 13, ""deaths"": 8, ""flag"": ""🇨🇦"", ""team"": ""CT""}, {""name"": ""cYr"", ""kills"": 11, ""deaths"": 7, ""flag"": ""🇺🇸"", ""team"": ""CT""}, {""name"": ""poopies__"", ""kills"": 9, ""deaths"": 10, ""flag"": ""🇺🇸"", ""team"": ""CT""}, {""name"": ""OBBE_ex"", ""kills"": 8, ""deaths"": 9, ""flag"": ""🇷🇴"", ""team"": ""CT""}, {""name"": ""_hell"", ""kills"": 18, ""deaths"": 12, ""flag"": ""🇺🇸"", ""team"": ""TR""}, {""name"": ""ACA*with_tinnitus"", ""kills"": 9, ""deaths"": 13, ""flag"": ""🇫🇷"", ""team"": ""TR""}, {""name"": ""FC"", ""kills"": 8, ""deaths"": 12, ""flag"": ""🇺🇸"", ""team"": ""TR""}, {""name"": ""p1c4"", ""kills"": 6, ""deaths"": 11, ""flag"": ""🇧🇷"", ""team"": ""TR""}, {""name"": ""pomona"", ""kills"": 0, ""deaths"": 15, ""flag"": ""🇺🇸"", ""team"": ""TR""}, {""name"": ""p1c4"", ""kills"": 6, ""deaths"": 4, ""flag"": ""🇧🇷"", ""team"": ""CT""}, {""name"": ""_hell"", ""kills"": 4, ""deaths"": 5, ""flag"": ""🇺🇸"", ""team"": ""CT""}, {""name"": ""ACA*with_tinnitus"", ""kills"": 1, ""deaths"": 5, ""flag"": ""🇫🇷"", ""team"": ""CT""}, {""name"": ""FC"", ""kills"": 1, ""deaths"": 5, ""flag"": ""🇺🇸"", ""team"": ""CT""}, {""name"": ""pomona"", ""kills"": 0, ""deaths"": 5, ""flag"": ""🇺🇸"", ""team"": ""CT""}, {""name"": ""么 P E X"", ""kills"": 9, ""deaths"": 0, ""flag"": ""🇨🇦"", ""team"": ""TR""}, {""name"": ""poopies__"", ""kills"": 5, ""deaths"": 3, ""flag"": ""🇺🇸"", ""team"": ""TR""}, {""name"": ""chaewon"", ""kills"": 4, ""deaths"": 4, ""flag"": ""🇵🇪"", ""team"": ""TR""}, {""name"": ""cYr"", ""kills"": 4, ""deaths"": 2, ""flag"": ""🇺🇸"", ""team"": ""TR""}, {""name"": ""OBBE_ex"", ""kills"": 2, ""deaths"": 3, ""flag"": ""🇷🇴"", ""team"": ""TR""}]",2025-10-16,123
de_train,First Half,8,7,"[{""name"": ""REDWOOD OG"", ""kills"": 16, ""deaths"": 10, ""flag"": ""🇺🇸"", ""team"": ""CT""}, {""name"": ""FC"", ""kills"": 16, ""deaths"": 9, ""flag"": ""🇺🇸"", ""team"": ""CT""}, {""name"": ""_hell"", ""kills"": 11, ""deaths"": 11, ""flag"": ""🇺🇸"", ""team"": ""CT""}, {""name"": ""p1c4"", ""kills"": 9, ""deaths"": 7, ""flag"": ""🇧🇷"", ""team"": ""CT""}, {""name"": ""ACA*with_tinnitus"", ""kills"": 6, ""deaths"": 12, ""flag"": ""🇫🇷"", ""team"": ""CT""}, {""name"": ""chaewon"", ""kills"": 17, ""deaths"": 10, ""flag"": ""🇵🇪"", ""team"": ""TR""}, {""name"": ""cYr"", ""kills"": 15, ""deaths"": 10, ""flag"": ""🇺🇸"", ""team"": ""TR""}, {""name"": ""么 P E X"", ""kills"": 9, ""deaths"": 12, ""flag"": ""🇨🇦"", ""team"": ""TR""}, {""name"": ""OBBE_ex"", ""kills"": 5, ""deaths"": 13, ""flag"": ""🇷🇴"", ""team"": ""TR""}, {""name"": ""Nep*"", ""kills"": 2, ""deaths"": 14, ""flag"": ""🇺🇿"", ""team"": ""TR""}]",2025-10-16,123
de_train,Second Half,7,8,"[{""name"": ""chaewon"", ""kills"": 22, ""deaths"": 8, ""flag"": ""🇵🇪"", ""team"": ""CT""}, {""name"": ""么 P E X"", ""kills"": 16, ""deaths"": 9, ""flag"": ""🇨🇦"", ""team"": ""CT""}, {""name"": ""cYr"", ""kills"": 12, ""deaths"": 10, ""flag"": ""🇺🇸"", ""team"": ""CT""}, {""name"": ""Nep*"", ""kills"": 4, ""deaths"": 12, ""flag"": ""🇺🇿"", ""team"": ""CT""}, {""name"": ""OBBE_ex"", ""kills"": 4, ""deaths"": 12, ""flag"": ""🇷🇴"", ""team"": ""CT""}, {""name"": ""ACA*with_tinnitus"", ""kills"": 15, ""deaths"": 10, ""flag"": ""🇫🇷"", ""team"": ""TR""}, {""name"": ""FC"", ""kills"": 13, ""deaths"": 12, ""flag"": ""🇺🇸"", ""team"": ""TR""}, {""name"": ""_hell"", ""kills"": 9, ""deaths"": 12, ""flag"": ""🇺🇸"", ""team"": ""TR""}, {""name"": ""REDWOOD OG"", ""kills"": 8, ""deaths"": 13, ""flag"": ""🇺🇸"", ""team"": ""TR""}, {""name"": ""p1c4"", ""kills"": 5, ""deaths"": 12, ""flag"": ""🇧🇷"", ""team"": ""TR""}]",2025-10-16,124
de_inferno,First Half,7,8,"[{""name"": ""_hell"", ""kills"": 14, ""deaths"": 9, ""flag"": ""🇺🇸"", ""team"": ""CT""}, {""name"": ""poopies__"", ""kills"": 12, ""deaths"": 12, ""flag"": ""🇺🇸"", ""team"": ""CT""}, {""name"": ""Nep*"", ""kills"": 9, ""deaths"": 13, ""flag"": ""🇺🇿"", ""team"": ""CT""}, {""name"": ""REDWOOD OG"", ""kills"": 8, ""deaths"": 12, ""flag"": ""🇺🇸"", ""team"": ""CT""}, {""name"": ""chaewon"", ""kills"": 7, ""deaths"": 12, ""flag"": ""🇵🇪"", ""team"": ""CT""}, {""name"": ""FC"", ""kills"": 14, ""deaths"": 10, ""flag"": ""🇺🇸"", ""team"": ""TR""}, {""name"": ""ACA*with_tinnitus"", ""kills"": 13, ""deaths"": 11, ""flag"": ""🇫🇷"", ""team"": ""TR""}, {""name"": ""p1c4"", ""kills"": 12, ""deaths"": 9, ""flag"": ""🇧🇷"", ""team"": ""TR""}, {""name"": ""cYr"", ""kills"": 10, ""deaths"": 10, ""flag"": ""🇺🇸"", ""team"": ""TR""}, {""name"": ""么 P E X"", ""kills"": 9, ""deaths"": 10, ""flag"": ""🇨🇦"", ""team"": ""TR""}]",2025-10-17,124
de_inferno,Second Half,1,9,"[{""name"": ""cYr"", ""kills"": 7, ""deaths"": 9, ""flag"": ""🇺🇸"", ""team"": ""CT""}, {""name"": ""ACA*with_tinnitus"", ""kills"": 6, ""deaths"": 9, ""flag"": ""🇫🇷"", ""team"": ""CT""}, {""name"": ""p1c4"", ""kills"": 5, ""deaths"": 10, ""flag"": ""🇧🇷"", ""team"": ""CT""}, {""name"": ""FC"", ""kills"": 4, ""deaths"": 10, ""flag"": ""🇺🇸"", ""team"": ""CT""}, {""name"": ""么 P E X"", ""kills"": 2, ""deaths"": 10, ""flag"": ""🇨🇦"", ""team"": ""CT""}, {""name"": ""chaewon"", ""kills"": 12, ""deaths"": 5, ""flag"": ""🇵🇪"", ""team"": ""TR""}, {""name"": ""poopies__"", ""kills"": 12, ""deaths"": 4, ""flag"": ""🇺🇸"", ""team"": ""TR""}, {""name"": ""_hell"", ""kills"": 12, ""deaths"": 3, ""flag"": ""🇺🇸"", ""team"": ""TR""}, {""name"": ""REDWOOD OG"", ""kills"": 7, ""deaths"": 7, ""flag"": ""🇺🇸"", ""team"": ""TR""}, {""name"": ""Nep*"", ""kills"": 5, ""deaths"": 5, ""flag"": ""🇺🇿"", ""team"": ""TR""}]",2025-10-17,125
de_tuscan,Second Half,13,2,"[{""name"": ""FC"", ""kills"": 21, ""deaths"": 7, ""flag"": ""🇺🇸"", ""team"": ""CT""}, {""name"": ""chaewon"", ""kills"": 20, ""deaths"": 7, ""flag"": ""🇵🇪"", ""team"": ""CT""}, {""name"": ""_hell"", ""kills"": 12, ""deaths"": 10, ""flag"": ""🇺🇸"", ""team"": ""CT""}, {""name"": ""p1c4"", ""kills"": 9, ""deaths"": 8, ""flag"": ""🇧🇷"", ""team"": ""CT""}, {""name"": ""CuyFino"", ""kills"": 6, ""deaths"": 12, ""flag"": ""🇵🇪"", ""team"": ""CT""}, {""name"": ""cYr"", ""kills"": 16, ""deaths"": 14, ""flag"": ""🇺🇸"", ""team"": ""TR""}, {""name"": ""ACA*with_tinnitus"", ""kills"": 6, ""deaths"": 15, ""flag"": ""🇫🇷"", ""team"": ""TR""}, {""name"": ""么 P E X"", ""kills"": 6, ""deaths"": 12, ""flag"": ""🇨🇦"", ""team"": ""TR""}, {""name"": ""poopies__"", ""kills"": 4, ""deaths"": 15, ""flag"": ""🇺🇸"", ""team"": ""TR""}, {""name"": ""_hell"", ""kills"": 12, ""deaths"": 13, ""flag"": ""🇺🇸"", ""team"": ""CT""}, {""name"": ""cabana"", ""kills"": 11, ""deaths"": 13, ""flag"": ""🇺🇸"", ""team"": ""CT""}, {""name"": ""p1c4"", ""kills"": 8, ""deaths"": 13, ""flag"": ""🇧🇷"", ""team"": ""CT""}, {""name"": ""chaewon"", ""kills"": 7, ""deaths"": 12, ""flag"": ""🇵🇪"", ""team"": ""CT""}, {""name"": ""АFК"", ""kills"": 4, ""deaths"": 14, ""flag"": ""🇩🇪"", ""team"": ""CT""}, {""name"": ""REDWOOD OG"", ""kills"": 17, ""deaths"": 8, ""flag"": ""🇺🇸"", ""team"": ""TR""}, {""name"": ""FC"", ""kills"": 15, ""deaths"": 8, ""flag"": ""🇺🇸"", ""team"": ""TR""}, {""name"": ""tantana (NOOB)"", ""kills"": 13, ""deaths"": 11, ""flag"": ""🇨🇦"", ""team"": ""TR""}, {""name"": ""Nep*"", ""kills"": 11, ""deaths"": 7, ""flag"": ""🇺🇿"", ""team"": ""TR""}, {""name"": ""cYr"", ""kills"": 10, ""deaths"": 10, ""flag"": ""🇺🇸"", ""team"": ""TR""}, {""name"": ""FC"", ""kills"": 9, ""deaths"": 3, ""flag"": ""🇺🇸"", ""team"": ""CT""}, {""name"": ""REDWOOD OG"", ""kills"": 7, ""deaths"": 2, ""flag"": ""🇺🇸"", ""team"": ""CT""}, {""name"": ""tantana (NOOB)"", ""kills"": 4, ""deaths"": 3, ""flag"": ""🇨🇦"", ""team"": ""CT""}, {""name"": ""cYr"", ""kills"": 3, ""deaths"": 2, ""flag"": ""🇺🇸"", ""team"": ""CT""}, {""name"": ""Nep*"", ""kills"": 2, ""deaths"": 2, ""flag"": ""🇺🇿"", ""team"": ""CT""}, {""name"": ""chaewon"", ""kills"": 6, ""deaths"": 5, ""flag"": ""🇵🇪"", ""team"": ""TR""}, {""name"": ""_hell"", ""kills"": 2, ""deaths"": 5, ""flag"": ""🇺🇸"", ""team"": ""TR""}, {""name"": ""p1c4"", ""kills"": 1, ""deaths"": 5, ""flag"": ""🇧🇷"", ""team"": ""TR""}, {""name"": ""АFК"", ""kills"": 0, ""deaths"": 5, ""flag"": ""🇩🇪"", ""team"": ""TR""}, {""name"": ""REDWOOD OG"", ""kills"": 19, ""deaths"": 14, ""flag"": ""🇺🇸"", ""team"": ""CT""}, {""name"": ""tantana (NOOB)"", ""kills"": 11, ""deaths"": 13, ""flag"": ""🇨🇦"", ""team"": ""CT""}, {""name"": ""_hell"", ""kills"": 10, ""deaths"": 13, ""flag"": ""🇺🇸"", ""team"": ""CT""}, {""name"": ""Nep*"", ""kills"": 6, ""deaths"": 12, ""flag"": ""🇺🇿"", ""team"": ""CT""}, {""name"": ""pomona"", ""kills"": 5, ""deaths"": 12, ""flag"": ""🇺🇸"", ""team"": ""CT""}, {""name"": ""cYr"", ""kills"": 18, ""deaths"": 8, ""flag"": ""🇺🇸"", ""team"": ""TR""}, {""name"": ""FC"", ""kills"": 17, ""deaths"": 10, ""flag"": ""🇺🇸"", ""team"": ""TR""}, {""name"": ""chaewon"", ""kills"": 16, ""deaths"": 10, ""flag"": ""🇵🇪"", ""team"": ""TR""}, {""name"": ""p1c4"", ""kills"": 12, ""deaths"": 9, ""flag"": ""🇧🇷"", ""team"": ""TR""}, {""name"": ""АFК"", ""kills"": 3, ""deaths"": 14, ""flag"": ""🇩🇪"", ""team"": ""TR""}, {""name"": ""chaewon"", ""kills"": 9, ""deaths"": 5, ""flag"": ""🇵🇪"", ""team"": ""CT""}, {""name"": ""FC"", ""kills"": 8, ""deaths"": 6, ""flag"": ""🇺🇸"", ""team"": ""CT""}, {""name"": ""cYr"", ""kills"": 8, ""deaths"": 4, ""flag"": ""🇺🇸"", ""team"": ""CT""}, {""name"": ""p1c4"", ""kills"": 7, ""deaths"": 3, ""flag"": ""🇧🇷"", ""team"": ""CT""}, {""name"": ""АFК"", ""kills"": 5, ""deaths"": 4, ""flag"": ""🇩🇪"", ""team"": ""CT""}, {""name"": ""Nep*"", ""kills"": 7, ""deaths"": 7, ""flag"": ""🇺🇿"", ""team"": ""TR""}, {""name"": ""tantana (NOOB)"", ""kills"": 5, ""deaths"": 7, ""flag"": ""🇨🇦"", ""team"": ""TR""}, {""name"": ""REDWOOD OG"", ""kills"": 5, ""deaths"": 8, ""flag"": ""🇺🇸"", ""team"": ""TR""}, {""name"": ""pomona"", ""kills"": 2, ""deaths"": 8, ""flag"": ""🇺🇸"", ""team"": ""TR""}]",2025-10-18,125
